runA,runB,nA,meanA,stdA,bestA,nB,meanB,stdB,bestB,mean_diff,ci_lo,ci_hi,p_approx
single_run/rrbot_arm_reach_L1,single_run/rrbot_arm_reach_L1_s2,1000,-14.410200000000001,27.609134859457072,-2.93,1000,-17.91301,27.026306845397905,-3.67,3.5046814475000003,1.1484535000000056,5.882832250000003,0.0025
single_run/rrbot_arm_pusher_L2,single_run/rrbot_arm_pusher_L2_s2,1000,74.53929000000001,17.551463718863296,102.16,1000,113.02494,27.625014414798372,145.35,-38.456192092500004,-40.453078500000004,-36.44868200000001,0.0
single_run/rrbot_arm_targetpusher_TP1,single_run/rrbot_arm_targetpusher_TP2_s2,200,0.1367,0.1571323098986022,0.37,788,0.16375634517766494,3.1733856877593816,0.49,-0.028261016687817234,-0.21917969543147206,0.22136773477157376,0.377
